,layers,acc,f1,loss
0,2.0,0.4453,0.4453,1.5080444812774658
1,3.0,0.4597,0.4597,1.4832066297531128
